Type,Account,Asset,Amount,Status,Flow ID,Created (UTC)
Transfer,0xbdc30e542a5c1333f071be7aec342dae8578063c,,1000,settlement,flow_5z1o1Vm7yST,2026-09-28T18:02:59.350Z
Transfer,0xbdc30e542a5c1333f071be7aec342dae8578063c,,14.2,settlement,flow_VKAGfQej5DK,2026-09-28T18:02:59.350Z
Transfer,0xbdc30e542a5c1333f071be7aec342dae8578063c,,14.2,settlement,flow_hEEjbddeVA4,2026-09-28T18:02:23.538Z
Transfer,0xbdc30e542a5c1333f071be7aec342dae8578063c,,1000,settlement,flow_hZDos6a43uk,2026-09-28T18:02:23.538Z
Transfer,0xbdc30e542a5c1333f071be7aec342dae8578063c,,1000,settlement,flow_4Vch1VbHUh,2026-09-28T18:02:14.564Z
Transfer,0xbdc30e542a5c1333f071be7aec342dae8578063c,,14.2,settlement,flow_MtjuePUGSmg,2026-09-28T18:02:14.564Z
Transfer,0xbdc30e542a5c1333f071be7aec342dae8578063c,,14.2,settlement,flow_9icoZh2Gsj5,2026-09-28T18:02:01.518Z
Transfer,0xbdc30e542a5c1333f071be7aec342dae8578063c,,1000,settlement,flow_PKhYZSoNHTt,2026-09-28T18:02:01.518Z
Withdraw,0x7db0a74e84b8a245928d691358a9fe8bc3e15eef,,0.0005,settlement,flow_CqhhhDwtkkJ,2026-09-28T18:01:27.000Z
Transfer,0xbdc30e542a5c1333f071be7aec342dae8578063c,,1000,settlement,flow_3Jj1TgY2Ccf,2026-09-28T18:01:16.224Z
Transfer,0xbdc30e542a5c1333f071be7aec342dae8578063c,,14.2,settlement,flow_PaoiXyWesps,2026-09-28T18:01:16.224Z
Deposit,0x7db0a74e84b8a245928d691358a9fe8bc3e15eef,,2,settlement,flow_GQfBFybaG5g,2026-09-28T18:01:06.757Z
Deposit,0x7db0a74e84b8a245928d691358a9fe8bc3e15eef,,0.008,settlement,flow_4fEhUaNGWzp,2026-09-28T18:00:31.367Z
Deposit,0x7db0a74e84b8a245928d691358a9fe8bc3e15eef,,0.0003,settlement,flow_AxA8TKvWh8T,2026-09-28T18:00:08.466Z
Transfer,0xbdc30e542a5c1333f071be7aec342dae8578063c,,14.2,settlement,flow_cHQsvbfH4AX,2026-09-28T18:00:05.028Z
Transfer,0xbdc30e542a5c1333f071be7aec342dae8578063c,,1000,settlement,flow_Y88SKUp6HPr,2026-09-28T18:00:05.028Z
Transfer,0xbdc30e542a5c1333f071be7aec342dae8578063c,,1000,settlement,flow_a2gBQcHr3Gf,2026-09-28T17:59:11.152Z
Transfer,0xbdc30e542a5c1333f071be7aec342dae8578063c,,14.2,settlement,flow_cukjxStFjPh,2026-09-28T17:59:11.152Z
Transfer,0xbdc30e542a5c1333f071be7aec342dae8578063c,,1000,settlement,flow_bfENe1FV94g,2026-09-28T17:59:04.899Z
Transfer,0xbdc30e542a5c1333f071be7aec342dae8578063c,,14.2,settlement,flow_Ticrn5ySRK4,2026-09-28T17:59:04.899Z
Transfer,0xbdc30e542a5c1333f071be7aec342dae8578063c,,14.2,settlement,flow_eLaSwmKZVQV,2026-09-28T17:58:00.152Z
Transfer,0xbdc30e542a5c1333f071be7aec342dae8578063c,,1000,settlement,flow_hJBD2uRoKve,2026-09-28T17:58:00.152Z
Transfer,0xbdc30e542a5c1333f071be7aec342dae8578063c,,14.2,settlement,flow_C1qX8hMrGeb,2026-09-28T17:57:57.098Z
Transfer,0xbdc30e542a5c1333f071be7aec342dae8578063c,,1000,settlement,flow_i7BNjvz8oer,2026-09-28T17:57:57.098Z
Transfer,0xbdc30e542a5c1333f071be7aec342dae8578063c,,14.2,settlement,flow_iqRtjbrdEva,2026-09-28T17:56:11.928Z